mae,rmse,r2_score
0.13313309395080605,0.03328214740064543,0.8789669602602059
